Firstname,Surname,Email,Password,Birthday,Phone Number
Samuel,TAYLOR,samuel.taylor5299@yahoo.com,vanilla535$,20122002,727-229-2880
Donna,GONZALEZ,donna.gonzalez6139@yahoo.com,zebra549?,12092001,795-350-8255
Brandon,WATSON,brandon.watson8201@yahoo.com,umbrella853%,27112004,735-871-8023
Katherine,WOOD,katherine.wood9963@yahoo.com,quail321?,22112002,735-820-9250
Laura,MORRIS,laura.morris9226@yahoo.com,quail295!,15102003,747-914-3439
Justin,ALLEN,justin.allen5076@yahoo.com,apple751?,21042004,749-404-6911
Joshua,ROBINSON,joshua.robinson4381@yahoo.com,zebra574!,21102004,732-992-3494
Kyle,SANCHEZ,kyle.sanchez4305@yahoo.com,lemon831?,8062001,754-982-3448
Alexander,REED,alexander.reed3550@yahoo.com,apple643!,13042000,723-512-2689
Amanda,BROWN,amanda.brown1167@yahoo.com,tiger544?,22072004,722-281-4454
Christine,BENNETT,christine.bennett6337@yahoo.com,mango258!,21082003,728-516-7408
Andrew,WILSON,andrew.wilson1800@yahoo.com,kiwi261?,13022003,765-814-6886
George,PEREZ,george.perez6294@yahoo.com,rabbit955!,8082004,720-213-1248
Karen,ROBERTS,karen.roberts8713@yahoo.com,kiwi800?,14052001,744-135-1195
Edward,CLARK,edward.clark2736@yahoo.com,quail268%,28072003,760-447-5966
William,RAMIREZ,william.ramirez8394@yahoo.com,rabbit478!,28052003,742-606-6100
John,ALLEN,john.allen5567@yahoo.com,rabbit497$,4012002,733-813-6960
Timothy,FOSTER,timothy.foster4700@yahoo.com,fig807$,6112004,727-309-3967
Christopher,JOHNSON,christopher.johnson3828@yahoo.com,fig709?,29052001,731-315-1325
Nathan,DIAZ,nathan.diaz9400@yahoo.com,iguana464!,7092002,733-914-7895
Susan,SCOTT,susan.scott2436@yahoo.com,xray199%,4052001,755-859-5564
Adam,HOWARD,adam.howard8682@yahoo.com,apple972!,13052003,719-280-4064
Christopher,ALVAREZ,christopher.alvarez4684@yahoo.com,mango775?,13052002,798-619-8396
Benjamin,DAVIS,benjamin.davis2151@yahoo.com,date773%,13102003,743-361-8598
Robert,GARCIA,robert.garcia5294@yahoo.com,yak206!,24082002,760-531-1279
Patricia,RICHARDSON,patricia.richardson9722@yahoo.com,cherry676!,19092004,747-166-1478
Nancy,FLORES,nancy.flores8608@yahoo.com,rabbit997!,21022001,729-324-3608
Rachel,RAMOS,rachel.ramos5522@yahoo.com,zebra223%,22112000,722-779-8704
Nicholas,EDWARDS,nicholas.edwards6323@yahoo.com,nutmeg959!,25082000,759-292-1425
Laura,COOPER,laura.cooper3178@yahoo.com,orange408!,17092001,794-542-6238
Eric,HERNANDEZ,eric.hernandez5685@yahoo.com,nutmeg660$,7012000,796-216-5482
Barbara,BELL,barbara.bell7326@yahoo.com,jackal155?,18092001,766-371-9580
Lisa,GOMEZ,lisa.gomez7001@yahoo.com,iguana306%,13072003,770-751-5003
Cynthia,LOPEZ,cynthia.lopez3047@yahoo.com,date818%,16092001,778-363-6730
Dennis,COLLINS,dennis.collins8144@yahoo.com,fig861?,21112004,751-171-3744
Julie,TORRES,julie.torres5679@yahoo.com,yak679?,4042000,711-721-2581
Maria,YOUNG,maria.young8733@yahoo.com,grape575!,17112001,748-488-3384
Mark,COLLINS,mark.collins2184@yahoo.com,honeydew661%,13032003,782-476-2352
Edward,MURPHY,edward.murphy7353@yahoo.com,jackal937%,6102002,717-739-5301
Kevin,JACKSON,kevin.jackson2048@yahoo.com,kiwi270$,21022003,737-945-4873
Timothy,JACKSON,timothy.jackson6523@yahoo.com,umbrella778!,21092003,783-375-2328
Carol,WILSON,carol.wilson9498@yahoo.com,apple105?,9052001,796-949-6266
Ashley,DIAZ,ashley.diaz1886@yahoo.com,quail394!,3072001,720-895-8931
Karen,CARTER,karen.carter6903@yahoo.com,cherry881?,9052000,735-377-8040
Daniel,ROBINSON,daniel.robinson9248@yahoo.com,grape362$,22062004,736-290-2485
Amanda,WARD,amanda.ward2394@yahoo.com,mango551?,17112000,783-972-8906
Julie,BROWN,julie.brown8494@yahoo.com,nutmeg428%,9042001,761-963-8118
Kathleen,DIAZ,kathleen.diaz2203@yahoo.com,strawberry825%,1122000,786-467-8708
Melissa,WRIGHT,melissa.wright4156@yahoo.com,mango304!,25102001,760-711-2714
Jonathan,HALL,jonathan.hall9174@yahoo.com,honeydew922?,15082003,788-247-8180
Gregory,THOMPSON,gregory.thompson4584@yahoo.com,honeydew477$,31082003,748-899-3035
Samuel,ALLEN,samuel.allen6290@yahoo.com,umbrella438!,1052002,710-456-6831
Sandra,GRAY,sandra.gray7237@yahoo.com,nutmeg387!,21092000,761-760-7095
Stephanie,PARKER,stephanie.parker4496@yahoo.com,honeydew248%,31082003,792-415-3088
Jeffrey,LEWIS,jeffrey.lewis9020@yahoo.com,vanilla832?,18122002,732-635-6711
John,BELL,john.bell8930@yahoo.com,vanilla993?,25092000,723-198-3888
Gary,GONZALEZ,gary.gonzalez6257@yahoo.com,watermelon318%,19032002,747-449-1750
Dennis,WARD,dennis.ward8913@yahoo.com,watermelon762!,12082000,712-502-6061
Nancy,WILLIAMS,nancy.williams3009@yahoo.com,iguana244$,6042004,766-672-2574
Jason,MOORE,jason.moore4194@yahoo.com,papaya402$,11122000,728-804-1255
Brandon,PEREZ,brandon.perez2116@yahoo.com,date516!,30042004,738-522-5697
Rebecca,REYES,rebecca.reyes1841@yahoo.com,xray135?,16032003,743-402-1675
Gregory,GUTIERREZ,gregory.gutierrez3390@yahoo.com,orange449%,24082003,724-401-7562
John,DIAZ,john.diaz3334@yahoo.com,orange811!,6012003,728-217-1201
Barbara,GARCIA,barbara.garcia3118@yahoo.com,yak825?,2052000,783-404-1962
Timothy,PHILLIPS,timothy.phillips8937@yahoo.com,iguana798?,17052002,744-940-7543
Timothy,EDWARDS,timothy.edwards8781@yahoo.com,yak740%,23082002,759-485-3811
Kimberly,RAMOS,kimberly.ramos6349@yahoo.com,vanilla932%,26112001,772-398-9507
Edward,ALVAREZ,edward.alvarez4663@yahoo.com,lemon941?,4052000,765-430-7880
Ryan,GRAY,ryan.gray4383@yahoo.com,yak155?,12072000,724-564-6837
Brian,THOMAS,brian.thomas4642@yahoo.com,cherry990$,19082002,737-624-9986
Robert,JACKSON,robert.jackson3571@yahoo.com,tiger786?,1052002,778-949-5198
Nancy,PEREZ,nancy.perez1446@yahoo.com,date191$,29032003,730-355-7808
Jeffrey,GONZALES,jeffrey.gonzales8694@yahoo.com,vanilla209?,16082001,787-581-5611
Brandon,PRICE,brandon.price7985@yahoo.com,watermelon150$,1062002,774-642-6781
Robert,ALVAREZ,robert.alvarez6201@yahoo.com,iguana241?,16042001,769-513-9183
Anna,WILSON,anna.wilson8475@yahoo.com,apple583%,29112001,767-965-9582
Scott,REED,scott.reed4851@yahoo.com,yak827$,19122000,714-883-6269
Elizabeth,SCOTT,elizabeth.scott4789@yahoo.com,elephant593%,12032003,756-949-7603
William,PHILLIPS,william.phillips2271@yahoo.com,banana720?,8022003,790-757-1647
Stephen,WILSON,stephen.wilson9060@yahoo.com,kiwi528?,10042001,749-245-9703
Kimberly,BAILEY,kimberly.bailey2065@yahoo.com,mango312!,26022004,727-448-1917
Rebecca,RIVERA,rebecca.rivera8640@yahoo.com,yak302%,1032004,720-367-1492
Lisa,JACKSON,lisa.jackson9090@yahoo.com,quail763%,9092004,782-940-6910
John,CHAVEZ,john.chavez7935@yahoo.com,date897!,17042003,767-207-2876
Katherine,DIAZ,katherine.diaz5116@yahoo.com,nutmeg802!,19022001,749-513-4605
Elizabeth,SMITH,elizabeth.smith1505@yahoo.com,rabbit372!,16092004,752-928-1417
Carol,WHITE,carol.white6004@yahoo.com,jackal533%,23022001,722-636-8292
Betty,ADAMS,betty.adams8777@yahoo.com,watermelon728?,25052000,769-286-3244
Tyler,HARRIS,tyler.harris5920@yahoo.com,elephant582%,19032004,755-193-5458
Margaret,MURPHY,margaret.murphy1068@yahoo.com,vanilla908?,7082000,723-911-4258
Betty,YOUNG,betty.young2539@yahoo.com,apple750?,30082003,722-200-1804
Julie,PARKER,julie.parker3193@yahoo.com,yak617$,27122002,772-568-1318
Paul,EDWARDS,paul.edwards9320@yahoo.com,zebra327$,12122000,779-974-2946
Jose,ALVAREZ,jose.alvarez1784@yahoo.com,fig245$,7052003,746-294-7074
Sarah,JOHNSON,sarah.johnson3838@yahoo.com,iguana439!,2042003,739-231-6830
Emily,BENNETT,emily.bennett5103@yahoo.com,umbrella618!,11102002,783-585-2744
Emily,MILLER,emily.miller1641@yahoo.com,banana699?,22122001,738-628-7946
Scott,MILLER,scott.miller2218@yahoo.com,umbrella321$,23122001,788-274-4312
Jennifer,ROGERS,jennifer.rogers8731@yahoo.com,orange161?,18072001,735-231-5363
Justin,FLORES,justin.flores5301@yahoo.com,iguana763!,9092004,784-776-4261
Christina,COOPER,christina.cooper2044@yahoo.com,tiger606!,26062001,730-579-1904
Jason,LEWIS,jason.lewis9138@yahoo.com,papaya977%,12092000,797-107-7999
William,WRIGHT,william.wright8435@yahoo.com,apple876?,23092001,723-827-3869
Donald,COOK,donald.cook3381@yahoo.com,quail761$,23072000,712-150-6945
Thomas,BELL,thomas.bell6884@yahoo.com,vanilla674$,30072000,740-493-6386
Kelly,GONZALEZ,kelly.gonzalez7308@yahoo.com,umbrella669?,12012004,796-656-3421
Debra,MENDOZA,debra.mendoza1832@yahoo.com,elephant358!,7032004,764-905-9369
Anna,ANDERSON,anna.anderson6694@yahoo.com,iguana810!,5022004,735-894-7950
Ashley,PRICE,ashley.price1786@yahoo.com,orange219%,27122004,732-563-8147
Emily,CASTILLO,emily.castillo3628@yahoo.com,papaya687!,6032001,727-541-7544
Jonathan,CARTER,jonathan.carter7570@yahoo.com,tiger575$,14082003,769-310-5001
Maria,CRUZ,maria.cruz2375@yahoo.com,mango673%,8072002,750-406-4019
Brian,GREEN,brian.green4529@yahoo.com,iguana310!,13092004,769-846-8716
Sharon,SCOTT,sharon.scott8983@yahoo.com,umbrella521%,5112002,754-695-3063
Debra,STEWART,debra.stewart7746@yahoo.com,apple881%,21042002,781-653-1257
Patrick,COX,patrick.cox2869@yahoo.com,vanilla216!,28042003,739-543-8793
Amy,SCOTT,amy.scott7470@yahoo.com,iguana649$,25042004,717-749-7967
Debra,THOMPSON,debra.thompson6930@yahoo.com,watermelon792!,1072002,790-151-2031
Rebecca,MENDOZA,rebecca.mendoza9146@yahoo.com,orange833%,3062004,792-239-3316
Nicole,VASQUEZ,nicole.vasquez4277@yahoo.com,quail164%,1022004,723-374-3979
Adam,ANDERSON,adam.anderson9777@yahoo.com,jackal742$,12072002,772-651-1229
Zachary,RODRIGUEZ,zachary.rodriguez8033@yahoo.com,zebra261!,3092004,766-445-9577
George,SCOTT,george.scott2387@yahoo.com,apple904?,10032003,718-393-7091
Scott,REED,scott.reed4244@yahoo.com,xray963%,4022001,752-748-2220
Jeffrey,GONZALEZ,jeffrey.gonzalez9612@yahoo.com,strawberry892?,13052004,752-927-9437
Joshua,FOSTER,joshua.foster2101@yahoo.com,apple520!,24122001,716-650-2213
John,JAMES,john.james5879@yahoo.com,jackal523?,17062002,778-490-7315
Charles,HOWARD,charles.howard1665@yahoo.com,nutmeg746?,14092001,746-212-1934
Dennis,DAVIS,dennis.davis8275@yahoo.com,zebra414?,19102003,739-109-8556
Nathan,PHILLIPS,nathan.phillips6170@yahoo.com,elephant567%,23112002,747-525-6583
Stephanie,NELSON,stephanie.nelson5389@yahoo.com,orange846!,21022003,763-273-1957
Daniel,MORRIS,daniel.morris3523@yahoo.com,date125!,10012000,710-434-7790
Nicholas,MOORE,nicholas.moore2447@yahoo.com,lemon518?,27022002,795-981-4163
Jose,KELLY,jose.kelly9405@yahoo.com,watermelon795!,10062002,769-310-3262
Rachel,PHILLIPS,rachel.phillips5143@yahoo.com,zebra847?,7082002,742-407-9095
John,ROBINSON,john.robinson8241@yahoo.com,quail573%,18052001,740-824-1148
Christina,ALVAREZ,christina.alvarez9668@yahoo.com,elephant682%,28122000,718-557-2563
Thomas,TORRES,thomas.torres4835@yahoo.com,watermelon612$,11012003,759-747-9970
Jonathan,GONZALES,jonathan.gonzales9529@yahoo.com,grape544%,10062000,776-856-8935
Brenda,ROGERS,brenda.rogers4800@yahoo.com,yak104?,25122003,763-420-5238
Maria,BENNETT,maria.bennett9143@yahoo.com,tiger952$,17102004,757-916-1862
Joshua,CAMPBELL,joshua.campbell6915@yahoo.com,watermelon173%,19032000,764-882-9804
Kevin,GUTIERREZ,kevin.gutierrez5159@yahoo.com,orange158?,18082003,743-176-6807
Lisa,CLARK,lisa.clark3725@yahoo.com,grape484?,12042001,752-821-7325
Kelly,EVANS,kelly.evans8306@yahoo.com,lemon115?,8082003,721-622-2246
Katherine,SCOTT,katherine.scott8039@yahoo.com,papaya317%,24092000,772-229-1835
Ryan,RAMIREZ,ryan.ramirez1638@yahoo.com,apple350?,2052004,711-894-8941
Daniel,ROBERTS,daniel.roberts9792@yahoo.com,zebra707!,11022002,760-195-6752
Lisa,GARCIA,lisa.garcia6973@yahoo.com,lemon802$,25022001,776-827-9700
Samantha,ADAMS,samantha.adams5216@yahoo.com,papaya523%,7092001,752-838-3188
Pamela,PHILLIPS,pamela.phillips6758@yahoo.com,fig782?,19052001,720-110-4182
Kenneth,RAMOS,kenneth.ramos5478@yahoo.com,elephant219?,16042003,735-106-4037
Jacob,ALLEN,jacob.allen6709@yahoo.com,orange655$,12042004,788-387-6181
