Firstname,Surname,Email
Christopher,ORTIZ,christopher.ortiz5249@yahoo.com
Eric,MORGAN,eric.morgan9502@yahoo.com
Sharon,WILLIAMS,sharon.williams1791@yahoo.com
Emily,GRAY,emily.gray9250@yahoo.com
Richard,CAMPBELL,richard.campbell1341@yahoo.com
Jacob,ROBINSON,jacob.robinson8561@yahoo.com
Sarah,PHILLIPS,sarah.phillips8678@yahoo.com
Susan,WILSON,susan.wilson6280@yahoo.com
Anthony,RAMIREZ,anthony.ramirez3776@yahoo.com
Stephanie,EVANS,stephanie.evans6177@yahoo.com
Anna,MARTIN,anna.martin8969@yahoo.com
Matthew,EDWARDS,matthew.edwards6194@yahoo.com
Jordan,SANCHEZ,jordan.sanchez3295@yahoo.com
Adam,WOOD,adam.wood3925@yahoo.com
Stephen,EVANS,stephen.evans7064@yahoo.com
Christina,ROBINSON,christina.robinson3298@yahoo.com
Emily,MOORE,emily.moore1393@yahoo.com
Andrew,MORGAN,andrew.morgan9153@yahoo.com
James,STEWART,james.stewart2484@yahoo.com
Alexander,BAKER,alexander.baker4644@yahoo.com
Matthew,WILLIAMS,matthew.williams8045@yahoo.com
Deborah,LOPEZ,deborah.lopez2754@yahoo.com
Donna,KIM,donna.kim5847@yahoo.com
Kenneth,JAMES,kenneth.james8346@yahoo.com
Kelly,ROBERTS,kelly.roberts2415@yahoo.com
Nicholas,WRIGHT,nicholas.wright4041@yahoo.com
Jonathan,WALKER,jonathan.walker6671@yahoo.com
Ashley,SCOTT,ashley.scott7333@yahoo.com
Benjamin,JONES,benjamin.jones9781@yahoo.com
Nicholas,KELLY,nicholas.kelly7991@yahoo.com
Elizabeth,GUTIERREZ,elizabeth.gutierrez4874@yahoo.com
Scott,GONZALES,scott.gonzales3347@yahoo.com
Elizabeth,BAILEY,elizabeth.bailey6503@yahoo.com
Kyle,COOPER,kyle.cooper6883@yahoo.com
Dennis,CAMPBELL,dennis.campbell3341@yahoo.com
Timothy,BROWN,timothy.brown9208@yahoo.com
Deborah,CAMPBELL,deborah.campbell8084@yahoo.com
Jordan,GONZALEZ,jordan.gonzalez3606@yahoo.com
David,WOOD,david.wood9038@yahoo.com
Karen,CASTILLO,karen.castillo3926@yahoo.com
Steven,EVANS,steven.evans8332@yahoo.com
Andrew,REYES,andrew.reyes4509@yahoo.com
Richard,MARTINEZ,richard.martinez2111@yahoo.com
Joseph,TORRES,joseph.torres7705@yahoo.com
Rachel,JACKSON,rachel.jackson6708@yahoo.com
Kelly,MILLER,kelly.miller6238@yahoo.com
Amy,MORGAN,amy.morgan7417@yahoo.com
Patricia,GOMEZ,patricia.gomez3198@yahoo.com
Jose,KING,jose.king9231@yahoo.com
Jose,FLORES,jose.flores6534@yahoo.com
Daniel,HOWARD,daniel.howard9536@yahoo.com
Tyler,REYES,tyler.reyes6290@yahoo.com
Nathan,GREEN,nathan.green3022@yahoo.com
Anna,WHITE,anna.white4829@yahoo.com
Mark,JAMES,mark.james1128@yahoo.com
Gregory,PHILLIPS,gregory.phillips9002@yahoo.com
Eric,RIVERA,eric.rivera8819@yahoo.com
Christina,VASQUEZ,christina.vasquez6727@yahoo.com
Amanda,KELLY,amanda.kelly5266@yahoo.com
Michelle,BROOKS,michelle.brooks2635@yahoo.com
Justin,FOSTER,justin.foster7039@yahoo.com
Nathan,LOPEZ,nathan.lopez1917@yahoo.com
Anna,STEWART,anna.stewart1210@yahoo.com
Anthony,PARKER,anthony.parker2363@yahoo.com
Christine,DAVIS,christine.davis7478@yahoo.com
Donald,PHILLIPS,donald.phillips5376@yahoo.com
Jordan,COOPER,jordan.cooper2354@yahoo.com
Robert,WILLIAMS,robert.williams8075@yahoo.com
Jonathan,LONG,jonathan.long9128@yahoo.com
Emily,DAVIS,emily.davis1473@yahoo.com
Brandon,ADAMS,brandon.adams3521@yahoo.com
Donald,FLORES,donald.flores6258@yahoo.com
Michael,RAMOS,michael.ramos1519@yahoo.com
Susan,MENDOZA,susan.mendoza9172@yahoo.com
Joseph,EVANS,joseph.evans4299@yahoo.com
Kathleen,WILSON,kathleen.wilson9165@yahoo.com
Thomas,REED,thomas.reed6778@yahoo.com
Betty,REED,betty.reed8991@yahoo.com
Elizabeth,ROGERS,elizabeth.rogers5885@yahoo.com
Kevin,KING,kevin.king8181@yahoo.com
Michael,REYES,michael.reyes6004@yahoo.com
Karen,SANCHEZ,karen.sanchez8000@yahoo.com
Rebecca,BELL,rebecca.bell9535@yahoo.com
Kevin,KELLY,kevin.kelly1150@yahoo.com
Patrick,EDWARDS,patrick.edwards9824@yahoo.com
Daniel,MOORE,daniel.moore9956@yahoo.com
Susan,WATSON,susan.watson6618@yahoo.com
Jonathan,TORRES,jonathan.torres5308@yahoo.com
Kenneth,GUTIERREZ,kenneth.gutierrez8145@yahoo.com
Brenda,LEWIS,brenda.lewis2800@yahoo.com
Kathleen,RAMOS,kathleen.ramos7946@yahoo.com
Betty,LEWIS,betty.lewis1105@yahoo.com
Larry,WARD,larry.ward7219@yahoo.com
Susan,HOWARD,susan.howard7348@yahoo.com
Amy,PEREZ,amy.perez2378@yahoo.com
Ronald,ORTIZ,ronald.ortiz4678@yahoo.com
Adam,MARTIN,adam.martin9401@yahoo.com
Margaret,COOPER,margaret.cooper8770@yahoo.com
Maria,KELLY,maria.kelly1174@yahoo.com
Debra,GUTIERREZ,debra.gutierrez2120@yahoo.com
